old_node_id,new_node_id
0,0
1,1
2,2
3,3
4,4
7,5
8,6
9,7
10,8
17,9
18,10
19,11
20,12
21,13
24,14
25,15
26,16
27,17
28,18
29,19
30,20
31,21
32,22
33,23
34,24
37,25
38,26
39,27
40,28
41,29
42,30
45,31
46,32
48,33
50,34
51,35
52,36
53,37
54,38
55,39
56,40
62,41
63,42
64,43
66,44
67,45
70,46
71,47
72,48
73,49
74,50
75,51
76,52
77,53
78,54
81,55
84,56
85,57
86,58
96,59
97,60
98,61
110,62
112,63
113,64
114,65
115,66
120,67
121,68
122,69
123,70
130,71
133,72
146,73
148,74
149,75
150,76
151,77
152,78
153,79
154,80
155,81
156,82
157,83
160,84
161,85
162,86
164,87
165,88
166,89
168,90
169,91
170,92
171,93
172,94
173,95
174,96
190,97
191,98
192,99
193,100
194,101
195,102
196,103
197,104
198,105
199,106
200,107
201,108
202,109
203,110
204,111
205,112
206,113
207,114
208,115
209,116
210,117
211,118
212,119
213,120
214,121
215,122
216,123
217,124
218,125
219,126
220,127
232,128
233,129
234,130
238,131
239,132
242,133
243,134
246,135
248,136
258,137
259,138
260,139
261,140
262,141
264,142
265,143
266,144
267,145
268,146
272,147
273,148
279,149
280,150
281,151
282,152
283,153
301,154
303,155
304,156
305,157
306,158
307,159
308,160
309,161
310,162
311,163
312,164
313,165
315,166
316,167
319,168
320,169
321,170
323,171
330,172
331,173
332,174
334,175
336,176
337,177
338,178
339,179
340,180
341,181
342,182
343,183
344,184
345,185
347,186
348,187
349,188
350,189
351,190
353,191
354,192
358,193
361,194
362,195
363,196
364,197
365,198
366,199
367,200
368,201
371,202
373,203
376,204
377,205
378,206
379,207
383,208
384,209
388,210
389,211
390,212
391,213
394,214
396,215
397,216
400,217
401,218
407,219
408,220
411,221
416,222
417,223
423,224
425,225
427,226
428,227
429,228
432,229
438,230
439,231
440,232
441,233
442,234
443,235
444,236
447,237
448,238
450,239
451,240
452,241
453,242
455,243
456,244
458,245
459,246
460,247
463,248
464,249
466,250
469,251
470,252
471,253
473,254
474,255
476,256
477,257
478,258
479,259
480,260
481,261
483,262
484,263
485,264
486,265
487,266
488,267
489,268
494,269
495,270
497,271
498,272
499,273
500,274
501,275
503,276
504,277
518,278
519,279
523,280
534,281
535,282
536,283
538,284
540,285
548,286
549,287
550,288
554,289
557,290
558,291
559,292
560,293
564,294
571,295
591,296
601,297
602,298
606,299
611,300
612,301
613,302
622,303
623,304
625,305
626,306
627,307
631,308
637,309
640,310
642,311
643,312
644,313
646,314
647,315
648,316
650,317
654,318
655,319
656,320
657,321
664,322
668,323
675,324
676,325
677,326
678,327
679,328
681,329
682,330
683,331
684,332
685,333
686,334
689,335
690,336
691,337
693,338
694,339
695,340
696,341
697,342
698,343
699,344
700,345
703,346
709,347
710,348
712,349
713,350
714,351
715,352
716,353
717,354
718,355
719,356
720,357
721,358
722,359
723,360
724,361
725,362
727,363
728,364
729,365
730,366
732,367
734,368
739,369
742,370
743,371
745,372
748,373
749,374
750,375
751,376
753,377
754,378
756,379
757,380
758,381
761,382
762,383
763,384
767,385
768,386
769,387
770,388
771,389
772,390
773,391
774,392
775,393
776,394
777,395
778,396
779,397
780,398
781,399
782,400
783,401
784,402
789,403
793,404
794,405
795,406
796,407
801,408
802,409
803,410
805,411
806,412
807,413
808,414
813,415
814,416
815,417
818,418
823,419
824,420
825,421
826,422
827,423
829,424
830,425
832,426
844,427
855,428
861,429
862,430
863,431
864,432
866,433
873,434
875,435
876,436
877,437
884,438
885,439
886,440
887,441
888,442
889,443
896,444
897,445
898,446
900,447
911,448
924,449
929,450
939,451
946,452
948,453
949,454
950,455
951,456
952,457
953,458
955,459
956,460
973,461
974,462
975,463
978,464
979,465
982,466
984,467
986,468
990,469
992,470
995,471
996,472
997,473
998,474
999,475
1000,476
1006,477
1007,478
1010,479
1017,480
1019,481
1020,482
1021,483
1022,484
1024,485
1025,486
1026,487
1032,488
1034,489
1035,490
1036,491
1038,492
1040,493
1041,494
1042,495
1043,496
1044,497
1045,498
1046,499
1047,500
1048,501
1049,502
1061,503
1073,504
1083,505
1097,506
1100,507
1113,508
1116,509
1147,510
1148,511
1149,512
1151,513
1152,514
1153,515
1154,516
1155,517
1163,518
1167,519
1168,520
1179,521
1180,522
1184,523
1185,524
1186,525
1196,526
1197,527
1198,528
1199,529
1201,530
1202,531
1212,532
1213,533
1216,534
1218,535
1219,536
1220,537
1221,538
1222,539
1223,540
1225,541
1226,542
1227,543
1229,544
1230,545
1234,546
1235,547
1236,548
1237,549
1244,550
1245,551
1246,552
1264,553
1276,554
1277,555
1278,556
1280,557
1281,558
1282,559
1283,560
1286,561
1287,562
1289,563
1295,564
1296,565
1299,566
1300,567
1301,568
1302,569
1305,570
1307,571
1308,572
1311,573
1312,574
1313,575
1314,576
1316,577
1317,578
1326,579
1328,580
1332,581
1333,582
1334,583
1335,584
1336,585
1338,586
1339,587
1340,588
1342,589
1343,590
1345,591
1346,592
1347,593
1348,594
1349,595
1350,596
1351,597
1352,598
1353,599
1354,600
1356,601
1357,602
1361,603
1362,604
1365,605
1366,606
1367,607
1369,608
1370,609
1373,610
1374,611
1375,612
1376,613
1377,614
1378,615
1379,616
1380,617
1381,618
1383,619
1384,620
1386,621
1388,622
1389,623
1390,624
1391,625
1392,626
1393,627
1394,628
1395,629
1396,630
1397,631
1398,632
1399,633
1400,634
1401,635
1402,636
1403,637
1404,638
1405,639
1406,640
1407,641
1408,642
1409,643
1410,644
1412,645
1413,646
1415,647
1416,648
1417,649
1418,650
1420,651
1421,652
1422,653
1423,654
1425,655
1426,656
1428,657
1430,658
1431,659
1432,660
1434,661
1440,662
1441,663
1447,664
1450,665
1451,666
1452,667
1453,668
1454,669
1455,670
1457,671
1458,672
1459,673
1460,674
1462,675
1463,676
1464,677
1465,678
1466,679
1467,680
1468,681
1469,682
1475,683
1476,684
1477,685
1478,686
1489,687
1490,688
1491,689
1492,690
1510,691
1511,692
1512,693
1513,694
1514,695
1532,696
1533,697
1534,698
1535,699
1539,700
1540,701
1542,702
1543,703
1544,704
1545,705
1546,706
1547,707
1548,708
1549,709
1554,710
1557,711
1558,712
1559,713
1560,714
1561,715
1563,716
1564,717
1565,718
1566,719
1567,720
1568,721
1569,722
1570,723
1580,724
1581,725
1582,726
1591,727
1593,728
1599,729
1602,730
1613,731
1621,732
1626,733
1627,734
1628,735
1629,736
1630,737
1631,738
1632,739
1633,740
1634,741
1635,742
1636,743
1637,744
1638,745
1639,746
1640,747
1641,748
1642,749
1643,750
1644,751
1645,752
1646,753
1647,754
1648,755
1649,756
1650,757
1651,758
1652,759
1653,760
1654,761
1656,762
1657,763
1658,764
1659,765
1660,766
1661,767
1662,768
1663,769
1664,770
1665,771
1666,772
1667,773
1668,774
1669,775
1670,776
1671,777
1672,778
1673,779
1674,780
1675,781
1676,782
1677,783
1678,784
1679,785
1680,786
1681,787
1682,788
1683,789
1684,790
1685,791
1686,792
1687,793
1688,794
1689,795
1690,796
1692,797
1693,798
1694,799
1695,800
1697,801
1698,802
1701,803
1702,804
1703,805
1704,806
1705,807
1706,808
1708,809
1709,810
1710,811
1711,812
1712,813
1714,814
1715,815
1716,816
1717,817
1718,818
1720,819
1721,820
1722,821
1723,822
1726,823
1727,824
1728,825
1729,826
1730,827
1731,828
1732,829
1734,830
1735,831
1737,832
1738,833
1739,834
1740,835
1741,836
1742,837
1743,838
1744,839
1746,840
1747,841
1749,842
1750,843
1751,844
1752,845
1753,846
1754,847
1755,848
1756,849
1757,850
1758,851
1761,852
1762,853
1763,854
1765,855
1766,856
1769,857
1770,858
1771,859
1772,860
1773,861
1774,862
1775,863
1776,864
1777,865
1778,866
1779,867
1780,868
1781,869
1782,870
1783,871
1784,872
1785,873
1786,874
1787,875
1788,876
1789,877
1790,878
1791,879
1792,880
1793,881
1794,882
1796,883
1797,884
1798,885
1799,886
1800,887
1802,888
1803,889
1804,890
1805,891
1806,892
1809,893
1810,894
1811,895
1812,896
1813,897
1814,898
1815,899
1816,900
1818,901
1819,902
1820,903
1821,904
1822,905
1823,906
1824,907
1825,908
1826,909
1830,910
1831,911
1832,912
1833,913
1834,914
1835,915
1836,916
1837,917
1838,918
1839,919
1840,920
1842,921
1843,922
1844,923
1845,924
1846,925
1855,926
1856,927
1859,928
1862,929
1864,930
1865,931
1866,932
1867,933
1868,934
1869,935
1870,936
1872,937
1873,938
1874,939
1875,940
1876,941
1877,942
1878,943
1879,944
1880,945
1881,946
1884,947
1885,948
1886,949
1887,950
1888,951
1889,952
1890,953
1891,954
1892,955
1893,956
1895,957
1896,958
1897,959
1898,960
1899,961
1900,962
1901,963
1902,964
1903,965
1904,966
1905,967
1906,968
1907,969
1908,970
1909,971
1910,972
1911,973
1912,974
1913,975
1914,976
1915,977
1916,978
1917,979
1918,980
1919,981
1920,982
1921,983
1922,984
1923,985
1924,986
1926,987
1927,988
1928,989
1932,990
1933,991
1934,992
1946,993
1947,994
1948,995
1949,996
1950,997
1951,998
1952,999
1953,1000
1954,1001
1955,1002
1957,1003
1958,1004
1960,1005
1961,1006
1962,1007
1963,1008
1964,1009
1965,1010
1966,1011
1967,1012
1968,1013
1969,1014
1970,1015
1971,1016
1972,1017
1976,1018
1977,1019
1978,1020
1979,1021
1980,1022
1981,1023
1982,1024
1983,1025
1984,1026
1985,1027
1987,1028
1988,1029
1989,1030
1990,1031
1991,1032
1992,1033
1993,1034
1994,1035
1995,1036
1997,1037
1998,1038
1999,1039
2000,1040
2001,1041
2002,1042
2003,1043
2004,1044
2005,1045
2006,1046
2007,1047
2008,1048
2009,1049
2010,1050
2011,1051
2012,1052
2013,1053
2014,1054
2015,1055
2016,1056
2017,1057
2018,1058
2019,1059
2020,1060
2021,1061
2022,1062
2023,1063
2024,1064
2025,1065
2026,1066
2027,1067
2032,1068
2040,1069
2041,1070
2042,1071
2043,1072
2046,1073
2047,1074
2048,1075
2049,1076
2050,1077
2051,1078
2052,1079
2053,1080
2054,1081
2055,1082
2056,1083
2057,1084
2058,1085
2059,1086
2060,1087
2062,1088
2064,1089
2065,1090
2066,1091
2067,1092
2068,1093
2069,1094
2070,1095
2071,1096
2072,1097
2073,1098
2075,1099
2076,1100
2077,1101
2078,1102
2080,1103
2081,1104
2082,1105
2083,1106
2084,1107
2085,1108
2086,1109
2087,1110
2088,1111
2089,1112
2090,1113
2091,1114
2092,1115
2093,1116
2094,1117
2095,1118
2096,1119
2097,1120
2098,1121
2099,1122
2100,1123
2101,1124
2102,1125
2103,1126
2104,1127
2105,1128
2107,1129
2108,1130
2109,1131
2110,1132
2111,1133
2112,1134
2113,1135
2114,1136
2116,1137
2117,1138
2118,1139
2119,1140
2120,1141
2121,1142
2122,1143
2123,1144
2124,1145
2126,1146
2127,1147
2128,1148
2129,1149
2130,1150
2131,1151
2132,1152
2133,1153
2134,1154
2135,1155
2136,1156
2137,1157
2138,1158
2139,1159
2140,1160
2141,1161
2142,1162
2143,1163
2144,1164
2145,1165
2146,1166
2147,1167
2148,1168
2149,1169
2150,1170
2151,1171
2152,1172
2153,1173
2154,1174
2155,1175
2156,1176
2157,1177
2158,1178
2159,1179
2160,1180
2161,1181
2162,1182
2163,1183
2164,1184
2165,1185
2166,1186
2167,1187
2168,1188
2169,1189
2170,1190
2171,1191
2172,1192
2173,1193
2174,1194
2175,1195
2176,1196
2177,1197
2179,1198
2180,1199
2181,1200
2182,1201
2183,1202
2184,1203
2185,1204
2186,1205
2187,1206
2191,1207
2192,1208
2193,1209
2195,1210
2196,1211
2197,1212
2198,1213
2199,1214
2200,1215
2201,1216
2202,1217
2204,1218
2205,1219
2206,1220
2207,1221
2208,1222
2209,1223
2210,1224
2211,1225
2215,1226
2216,1227
2217,1228
2218,1229
2219,1230
2221,1231
2222,1232
2223,1233
2227,1234
2229,1235
2230,1236
2231,1237
2232,1238
2233,1239
2234,1240
2235,1241
2236,1242
2237,1243
2241,1244
2242,1245
2243,1246
2244,1247
2245,1248
2246,1249
2247,1250
2249,1251
2250,1252
2251,1253
2252,1254
2253,1255
2254,1256
2255,1257
2256,1258
2257,1259
2258,1260
2260,1261
2261,1262
2262,1263
2265,1264
2266,1265
2267,1266
2268,1267
2270,1268
2271,1269
2272,1270
2273,1271
2274,1272
2275,1273
2276,1274
2277,1275
2278,1276
2280,1277
2281,1278
2285,1279
2286,1280
2287,1281
2288,1282
2289,1283
2290,1284
2291,1285
2292,1286
2293,1287
2295,1288
2296,1289
2300,1290
2301,1291
2302,1292
2303,1293
2304,1294
2305,1295
2306,1296
2308,1297
2319,1298
2325,1299
2326,1300
2327,1301
2328,1302
2329,1303
2331,1304
2332,1305
2333,1306
2334,1307
2335,1308
2336,1309
2337,1310
2338,1311
2339,1312
2344,1313
2345,1314
2346,1315
2349,1316
2350,1317
2355,1318
2356,1319
2357,1320
2358,1321
2359,1322
2361,1323
2362,1324
2363,1325
2364,1326
2365,1327
2366,1328
2367,1329
2368,1330
2369,1331
2372,1332
2373,1333
2374,1334
2375,1335
2376,1336
2377,1337
2378,1338
2380,1339
2393,1340
2395,1341
2396,1342
2397,1343
2398,1344
2401,1345
2402,1346
2403,1347
2404,1348
2405,1349
2406,1350
2407,1351
2409,1352
2411,1353
2419,1354
2420,1355
2421,1356
2422,1357
2424,1358
2426,1359
2427,1360
2428,1361
2429,1362
2430,1363
2433,1364
2434,1365
2435,1366
2436,1367
2437,1368
2438,1369
2441,1370
2442,1371
2443,1372
2444,1373
2445,1374
2446,1375
2447,1376
2454,1377
2455,1378
2456,1379
2463,1380
2468,1381
2469,1382
2474,1383
2492,1384
2503,1385
2504,1386
2511,1387
2518,1388
2519,1389
2523,1390
2525,1391
2526,1392
2527,1393
2528,1394
2530,1395
2538,1396
2543,1397
2544,1398
2545,1399
2546,1400
2547,1401
2548,1402
2549,1403
2550,1404
2551,1405
2552,1406
2553,1407
2557,1408
2558,1409
2559,1410
2560,1411
2561,1412
2562,1413
2563,1414
2564,1415
2565,1416
2566,1417
2567,1418
2568,1419
2569,1420
2571,1421
2572,1422
2573,1423
2574,1424
2581,1425
2583,1426
2584,1427
2586,1428
2587,1429
2588,1430
2590,1431
2591,1432
2592,1433
2593,1434
2594,1435
2595,1436
2596,1437
2597,1438
2598,1439
2599,1440
2600,1441
2601,1442
2602,1443
2608,1444
2609,1445
2610,1446
2611,1447
2612,1448
2614,1449
2615,1450
2616,1451
2617,1452
2618,1453
2619,1454
2620,1455
2621,1456
2622,1457
2625,1458
2628,1459
2630,1460
2631,1461
2632,1462
2633,1463
2634,1464
2636,1465
2637,1466
2640,1467
2641,1468
2642,1469
2643,1470
2645,1471
2646,1472
2647,1473
2648,1474
2649,1475
2650,1476
2651,1477
2652,1478
2653,1479
2654,1480
2655,1481
2656,1482
2657,1483
2658,1484
2660,1485
2661,1486
2662,1487
2663,1488
2664,1489
2665,1490
2666,1491
2667,1492
2668,1493
2670,1494
2673,1495
2674,1496
2675,1497
2676,1498
2677,1499
2678,1500
2679,1501
2680,1502
2682,1503
2683,1504
2684,1505
2685,1506
2686,1507
2687,1508
2689,1509
2690,1510
2691,1511
2692,1512
2693,1513
2694,1514
2695,1515
2696,1516
2697,1517
2699,1518
2702,1519
2703,1520
2704,1521
2705,1522
2706,1523
2707,1524
2708,1525
2710,1526
2711,1527
2712,1528
2713,1529
2714,1530
2716,1531
2717,1532
2718,1533
2719,1534
2720,1535
2721,1536
2722,1537
2723,1538
2725,1539
2726,1540
2729,1541
2730,1542
2731,1543
2734,1544
2735,1545
2737,1546
2738,1547
2739,1548
2740,1549
2741,1550
2742,1551
2744,1552
2745,1553
2748,1554
2751,1555
2753,1556
2754,1557
2756,1558
2757,1559
2758,1560
2759,1561
2761,1562
2762,1563
2763,1564
2770,1565
2777,1566
2781,1567
2782,1568
2784,1569
2785,1570
2786,1571
2787,1572
2788,1573
2790,1574
2791,1575
2792,1576
2793,1577
2794,1578
2796,1579
2803,1580
2805,1581
2806,1582
2807,1583
2809,1584
2810,1585
2811,1586
2812,1587
2813,1588
2814,1589
2815,1590
2816,1591
2817,1592
2823,1593
2824,1594
2825,1595
2826,1596
2827,1597
2828,1598
2829,1599
2830,1600
2832,1601
2836,1602
2841,1603
2842,1604
2843,1605
2845,1606
2846,1607
2847,1608
2848,1609
2849,1610
2850,1611
2851,1612
2852,1613
2856,1614
2857,1615
2859,1616
2860,1617
2861,1618
2875,1619
2876,1620
2877,1621
2878,1622
2880,1623
2882,1624
2883,1625
2884,1626
2889,1627
2890,1628
2891,1629
2892,1630
2893,1631
2899,1632
2900,1633
2901,1634
2902,1635
2903,1636
2904,1637
2910,1638
2911,1639
2917,1640
2918,1641
2919,1642
2920,1643
2921,1644
2927,1645
2969,1646
2981,1647
2982,1648
2985,1649
2986,1650
2988,1651
2989,1652
2990,1653
2991,1654
2992,1655
2993,1656
2994,1657
2995,1658
2996,1659
2997,1660
2998,1661
3000,1662
3002,1663
3004,1664
3005,1665
3009,1666
3010,1667
3011,1668
3012,1669
3013,1670
3014,1671
3015,1672
3016,1673
3030,1674
3032,1675
3033,1676
3035,1677
3045,1678
3046,1679
3047,1680
3048,1681
3049,1682
3050,1683
3051,1684
3052,1685
3054,1686
3055,1687
3060,1688
3063,1689
3064,1690
3068,1691
3072,1692
3073,1693
3075,1694
3079,1695
3080,1696
3087,1697
3088,1698
3089,1699
3090,1700
3091,1701
3092,1702
3093,1703
3094,1704
3095,1705
3097,1706
3107,1707
3113,1708
3115,1709
3116,1710
3117,1711
3118,1712
3120,1713
3122,1714
3123,1715
3124,1716
3125,1717
3126,1718
3127,1719
3128,1720
3129,1721
3130,1722
3132,1723
3133,1724
3136,1725
3137,1726
3143,1727
3147,1728
3148,1729
3149,1730
3156,1731
3159,1732
3160,1733
3161,1734
3162,1735
3163,1736
3164,1737
3165,1738
3172,1739
3173,1740
3174,1741
3175,1742
3176,1743
3187,1744
3193,1745
3194,1746
3202,1747
3203,1748
3207,1749
3222,1750
3223,1751
3225,1752
3228,1753
3231,1754
3232,1755
3234,1756
3236,1757
3238,1758
3249,1759
3250,1760
3251,1761
3252,1762
3253,1763
3254,1764
3255,1765
3264,1766
3265,1767
3266,1768
3267,1769
3269,1770
3270,1771
3271,1772
3272,1773
3273,1774
3274,1775
3275,1776
3276,1777
3277,1778
3278,1779
3279,1780
3280,1781
3281,1782
3282,1783
3283,1784
3284,1785
3285,1786
3292,1787
3293,1788
3295,1789
3296,1790
3297,1791
3298,1792
3299,1793
3300,1794
3301,1795
3302,1796
3303,1797
3305,1798
3306,1799
3307,1800
3308,1801
3312,1802
3313,1803
3317,1804
3321,1805
3328,1806
3329,1807
3335,1808
3336,1809
3337,1810
3338,1811
3339,1812
3340,1813
3343,1814
3344,1815
3351,1816
3352,1817
3355,1818
3357,1819
3358,1820
3363,1821
3364,1822
3365,1823
3368,1824
3369,1825
3370,1826
3372,1827
3376,1828
3378,1829
3379,1830
3380,1831
3381,1832
3382,1833
3383,1834
3385,1835
3386,1836
3398,1837
3399,1838
3400,1839
3404,1840
3405,1841
3406,1842
3407,1843
3408,1844
3409,1845
3411,1846
3412,1847
3413,1848
3414,1849
3429,1850
3435,1851
3436,1852
3437,1853
3442,1854
3443,1855
3449,1856
3452,1857
3459,1858
3460,1859
3477,1860
3486,1861
3487,1862
3490,1863
3500,1864
3514,1865
3515,1866
3524,1867
3526,1868
3529,1869
3530,1870
3531,1871
3534,1872
3535,1873
3536,1874
3537,1875
3542,1876
3543,1877
3546,1878
3547,1879
3558,1880
3562,1881
3565,1882
3566,1883
3567,1884
3568,1885
3569,1886
3570,1887
3580,1888
3583,1889
3584,1890
3585,1891
3586,1892
3587,1893
3588,1894
3593,1895
3594,1896
3595,1897
3596,1898
3598,1899
3608,1900
3609,1901
3610,1902
3611,1903
3612,1904
3613,1905
3614,1906
3615,1907
3616,1908
3617,1909
3618,1910
3619,1911
3620,1912
3621,1913
3622,1914
3623,1915
3624,1916
3625,1917
3626,1918
3627,1919
3628,1920
3629,1921
3630,1922
3631,1923
3633,1924
3634,1925
3635,1926
3636,1927
3637,1928
3638,1929
3639,1930
3640,1931
3641,1932
3642,1933
3643,1934
3644,1935
3645,1936
3649,1937
3650,1938
3655,1939
3656,1940
3657,1941
3658,1942
3664,1943
3665,1944
3670,1945
3678,1946
3680,1947
3681,1948
3688,1949
3689,1950
3690,1951
3691,1952
3692,1953
3693,1954
3694,1955
3696,1956
3697,1957
3709,1958
3710,1959
3714,1960
3715,1961
3720,1962
3721,1963
3722,1964
3723,1965
3724,1966
3725,1967
3730,1968
3731,1969
3732,1970
3742,1971
3745,1972
3746,1973
3747,1974
3748,1975
3749,1976
3750,1977
3751,1978
3753,1979
3754,1980
3755,1981
3756,1982
3757,1983
3758,1984
3759,1985
3760,1986
3761,1987
3762,1988
3764,1989
3765,1990
3766,1991
3767,1992
3768,1993
3769,1994
3770,1995
3771,1996
3772,1997
3776,1998
3777,1999
3778,2000
3779,2001
3780,2002
3781,2003
3782,2004
3783,2005
3784,2006
3785,2007
3786,2008
3787,2009
3788,2010
3789,2011
3790,2012
3791,2013
3792,2014
3793,2015
3795,2016
3797,2017
3798,2018
3804,2019
3805,2020
3806,2021
3807,2022
3808,2023
3809,2024
3810,2025
3811,2026
3812,2027
3813,2028
3814,2029
3815,2030
3816,2031
3817,2032
3818,2033
3819,2034
3820,2035
3821,2036
3822,2037
3823,2038
3824,2039
3826,2040
3827,2041
3828,2042
3829,2043
3830,2044
3831,2045
3832,2046
3833,2047
3834,2048
3838,2049
3839,2050
3840,2051
3841,2052
3842,2053
3843,2054
3844,2055
3845,2056
3846,2057
3847,2058
3848,2059
3849,2060
3850,2061
3851,2062
3852,2063
3855,2064
3856,2065
3857,2066
3858,2067
3859,2068
3861,2069
3863,2070
3864,2071
3865,2072
3866,2073
3881,2074
3899,2075
3900,2076
3901,2077
3919,2078
3920,2079
3924,2080
3925,2081
3927,2082
3928,2083
3929,2084
3934,2085
3935,2086
3937,2087
3938,2088
3939,2089
3940,2090
3941,2091
3942,2092
3943,2093
3951,2094
3953,2095
3954,2096
3955,2097
3956,2098
3957,2099
3958,2100
3959,2101
3960,2102
3961,2103
3963,2104
3964,2105
3965,2106
3966,2107
3985,2108
3987,2109
3988,2110
3991,2111
3992,2112
3993,2113
3999,2114
4000,2115
4006,2116
4007,2117
4009,2118
4010,2119
4011,2120
4012,2121
4013,2122
4014,2123
4015,2124
4016,2125
4017,2126
4018,2127
4019,2128
4020,2129
4029,2130
4033,2131
4034,2132
4035,2133
4036,2134
4038,2135
4041,2136
4042,2137
4043,2138
4046,2139
4047,2140
4049,2141
4050,2142
4051,2143
4052,2144
4053,2145
4055,2146
4056,2147
4057,2148
4058,2149
4059,2150
4060,2151
4063,2152
4064,2153
4065,2154
4066,2155
4070,2156
4071,2157
4072,2158
4073,2159
4074,2160
4076,2161
4077,2162
4078,2163
4079,2164
4080,2165
4081,2166
4082,2167
4084,2168
4085,2169
4086,2170
4087,2171
4088,2172
4089,2173
4090,2174
4091,2175
4092,2176
4095,2177
4096,2178
4101,2179
4103,2180
4104,2181
4105,2182
4106,2183
4107,2184
4109,2185
4110,2186
4112,2187
4113,2188
4114,2189
4115,2190
4120,2191
4122,2192
4131,2193
4137,2194
4140,2195
4148,2196
4154,2197
4155,2198
4158,2199
4160,2200
4162,2201
4163,2202
4165,2203
4166,2204
4168,2205
4169,2206
4170,2207
4172,2208
4173,2209
4174,2210
4175,2211
4176,2212
4177,2213
4179,2214
4180,2215
4182,2216
4183,2217
4184,2218
4191,2219
4202,2220
4203,2221
4204,2222
4205,2223
4206,2224
4209,2225
4210,2226
4213,2227
4224,2228
4225,2229
4226,2230
4229,2231
4234,2232
4235,2233
4236,2234
4237,2235
4238,2236
4239,2237
4245,2238
4251,2239
4252,2240
4253,2241
4258,2242
4259,2243
4260,2244
4261,2245
4262,2246
4263,2247
4265,2248
4266,2249
4267,2250
4268,2251
4269,2252
4270,2253
4271,2254
4272,2255
4273,2256
4274,2257
4275,2258
4276,2259
4277,2260
4280,2261
4281,2262
4282,2263
4283,2264
4289,2265
4290,2266
4315,2267
4319,2268
4321,2269
4325,2270
4326,2271
4327,2272
4331,2273
4332,2274
4334,2275
4336,2276
4337,2277
4338,2278
4339,2279
4340,2280
4342,2281
4347,2282
4348,2283
4349,2284
4351,2285
4352,2286
4353,2287
4354,2288
4355,2289
4357,2290
4359,2291
4361,2292
4365,2293
4374,2294
4381,2295
4382,2296
4383,2297
4384,2298
4385,2299
4386,2300
4387,2301
4389,2302
4390,2303
4391,2304
4392,2305
4393,2306
4394,2307
4395,2308
4396,2309
4397,2310
4398,2311
4399,2312
4400,2313
4401,2314
4402,2315
4403,2316
4404,2317
4405,2318
4406,2319
4407,2320
4409,2321
4410,2322
4411,2323
4412,2324
4416,2325
4418,2326
4419,2327
4421,2328
4425,2329
4426,2330
4427,2331
4428,2332
4429,2333
4431,2334
4433,2335
4434,2336
4435,2337
4436,2338
4437,2339
4438,2340
4439,2341
4440,2342
4441,2343
4442,2344
4443,2345
4444,2346
4445,2347
4446,2348
4450,2349
4451,2350
4452,2351
4454,2352
4455,2353
4456,2354
4465,2355
4466,2356
4467,2357
4470,2358
4478,2359
4480,2360
4481,2361
4483,2362
4484,2363
4486,2364
4487,2365
4488,2366
4491,2367
4492,2368
4493,2369
4494,2370
4504,2371
4505,2372
4506,2373
4509,2374
4510,2375
4511,2376
4512,2377
4513,2378
4517,2379
4520,2380
4525,2381
4527,2382
4529,2383
4531,2384
4532,2385
4534,2386
4535,2387
4536,2388
4537,2389
4538,2390
4561,2391
4565,2392
4567,2393
4573,2394
4575,2395
4576,2396
4593,2397
4594,2398
4600,2399
4637,2400
4639,2401
4647,2402
4648,2403
4649,2404
4655,2405
4656,2406
4657,2407
4659,2408
4660,2409
4661,2410
4662,2411
4663,2412
4665,2413
4666,2414
4668,2415
4669,2416
4672,2417
4673,2418
4674,2419
4675,2420
4677,2421
4679,2422
4683,2423
4685,2424
4686,2425
4687,2426
4688,2427
4689,2428
4690,2429
4691,2430
4692,2431
4693,2432
4695,2433
4698,2434
4700,2435
4703,2436
4711,2437
4715,2438
4726,2439
4727,2440
4728,2441
4729,2442
4731,2443
4732,2444
4733,2445
4734,2446
4735,2447
4736,2448
4737,2449
4738,2450
4739,2451
4740,2452
4741,2453
4744,2454
4745,2455
4746,2456
4747,2457
4748,2458
4749,2459
4750,2460
4751,2461
4752,2462
4753,2463
4754,2464
4755,2465
4756,2466
4757,2467
4758,2468
4759,2469
4760,2470
4761,2471
4762,2472
4764,2473
4765,2474
4766,2475
4767,2476
4768,2477
4769,2478
4770,2479
4771,2480
4772,2481
4773,2482
4774,2483
4777,2484
4778,2485
4783,2486
4785,2487
4786,2488
4787,2489
4788,2490
4789,2491
4790,2492
4791,2493
4792,2494
4794,2495
4795,2496
4796,2497
4797,2498
4798,2499
4799,2500
4800,2501
4801,2502
4802,2503
4803,2504
4804,2505
4806,2506
4807,2507
4808,2508
4812,2509
4816,2510
4820,2511
4823,2512
4824,2513
4825,2514
4826,2515
4830,2516
4834,2517
4835,2518
4836,2519
4840,2520
4845,2521
4846,2522
4852,2523
4853,2524
4854,2525
4855,2526
4856,2527
4858,2528
4859,2529
4860,2530
4861,2531
4862,2532
4863,2533
4864,2534
4865,2535
4866,2536
4867,2537
4868,2538
4869,2539
4870,2540
4871,2541
4872,2542
4873,2543
4877,2544
4878,2545
4881,2546
4885,2547
4886,2548
4887,2549
4888,2550
4889,2551
4891,2552
4895,2553
4896,2554
4897,2555
4898,2556
4899,2557
4900,2558
4901,2559
4902,2560
4903,2561
4904,2562
4905,2563
4906,2564
4907,2565
4909,2566
4910,2567
4911,2568
4912,2569
4913,2570
4914,2571
4915,2572
4916,2573
4917,2574
4918,2575
4920,2576
4922,2577
4923,2578
4924,2579
4926,2580
4927,2581
4928,2582
4930,2583
4931,2584
4932,2585
4933,2586
4934,2587
4936,2588
4937,2589
4938,2590
4939,2591
4940,2592
4941,2593
4942,2594
4944,2595
4945,2596
4946,2597
4947,2598
4948,2599
4949,2600
4950,2601
4951,2602
4952,2603
4953,2604
4954,2605
4955,2606
4956,2607
4957,2608
4958,2609
4959,2610
4961,2611
4962,2612
4963,2613
4964,2614
4965,2615
4966,2616
4967,2617
4968,2618
4969,2619
4970,2620
4971,2621
4972,2622
4973,2623
4974,2624
4975,2625
4976,2626
4977,2627
4978,2628
4979,2629
4980,2630
4981,2631
4982,2632
4983,2633
4984,2634
4985,2635
4986,2636
4987,2637
4988,2638
4989,2639
4990,2640
4991,2641
4992,2642
4993,2643
4994,2644
4996,2645
4997,2646
4999,2647
5000,2648
5003,2649
5004,2650
5005,2651
5006,2652
5007,2653
5008,2654
5009,2655
5010,2656
5011,2657
5012,2658
5014,2659
5015,2660
5016,2661
5017,2662
5018,2663
5019,2664
5020,2665
5021,2666
5022,2667
5023,2668
5024,2669
5025,2670
5026,2671
5027,2672
5028,2673
5029,2674
5030,2675
5031,2676
5032,2677
5034,2678
5041,2679
5042,2680
5043,2681
5044,2682
5045,2683
5047,2684
5048,2685
5049,2686
5050,2687
5053,2688
5055,2689
5056,2690
5057,2691
5059,2692
5062,2693
5063,2694
5065,2695
5066,2696
5067,2697
5068,2698
5071,2699
5073,2700
5074,2701
5075,2702
5077,2703
5078,2704
5079,2705
5080,2706
5082,2707
5083,2708
5084,2709
5087,2710
5088,2711
5089,2712
5091,2713
5092,2714
5096,2715
5098,2716
5099,2717
5101,2718
5102,2719
5103,2720
5104,2721
5105,2722
5106,2723
5107,2724
5108,2725
5109,2726
5110,2727
5111,2728
5112,2729
5113,2730
5115,2731
5116,2732
5117,2733
5118,2734
5119,2735
5120,2736
5121,2737
5122,2738
5123,2739
5125,2740
5126,2741
5128,2742
5129,2743
5140,2744
5141,2745
5142,2746
5143,2747
5144,2748
5145,2749
5146,2750
5147,2751
5148,2752
5150,2753
5151,2754
5152,2755
5153,2756
5154,2757
5155,2758
5156,2759
5157,2760
5158,2761
5159,2762
5160,2763
5161,2764
5162,2765
5163,2766
5164,2767
5165,2768
5166,2769
5167,2770
5168,2771
5169,2772
5170,2773
5171,2774
5172,2775
5173,2776
5174,2777
5175,2778
5176,2779
5177,2780
5178,2781
5179,2782
5180,2783
5181,2784
5182,2785
5184,2786
5186,2787
5187,2788
5188,2789
5190,2790
5191,2791
5192,2792
5193,2793
5194,2794
5195,2795
5196,2796
5197,2797
5198,2798
5199,2799
5200,2800
5201,2801
5202,2802
5203,2803
5205,2804
5206,2805
5207,2806
5208,2807
5209,2808
5210,2809
5211,2810
5212,2811
5213,2812
5214,2813
5215,2814
5216,2815
5217,2816
5218,2817
5219,2818
5220,2819
5221,2820
5222,2821
5223,2822
5224,2823
5225,2824
5226,2825
5227,2826
5228,2827
5229,2828
5230,2829
5231,2830
5232,2831
5233,2832
5234,2833
5235,2834
5236,2835
5237,2836
5238,2837
5239,2838
5240,2839
5241,2840
5242,2841
5243,2842
5244,2843
5245,2844
5246,2845
5247,2846
5248,2847
5249,2848
5250,2849
5251,2850
5253,2851
5254,2852
5255,2853
5256,2854
5257,2855
5258,2856
5259,2857
5260,2858
5261,2859
5262,2860
5263,2861
5264,2862
5265,2863
5266,2864
5267,2865
5268,2866
5269,2867
5270,2868
5271,2869
5273,2870
5276,2871
5277,2872
5278,2873
5279,2874
5281,2875
5284,2876
5286,2877
5291,2878
5292,2879
5293,2880
5294,2881
5296,2882
5298,2883
5299,2884
5300,2885
5303,2886
5304,2887
5305,2888
5306,2889
5315,2890
5317,2891
5320,2892
5321,2893
5322,2894
5326,2895
5327,2896
5328,2897
5329,2898
5337,2899
5339,2900
5341,2901
5342,2902
5354,2903
5358,2904
5359,2905
5360,2906
5361,2907
5362,2908
5363,2909
5366,2910
5369,2911
5371,2912
5372,2913
5376,2914
5378,2915
5379,2916
5380,2917
5381,2918
5382,2919
5384,2920
5387,2921
5388,2922
5389,2923
5390,2924
5391,2925
5395,2926
5397,2927
5398,2928
5399,2929
5409,2930
5412,2931
5413,2932
5414,2933
5416,2934
5434,2935
5435,2936
5442,2937
5446,2938
5448,2939
5449,2940
5450,2941
5451,2942
5452,2943
5456,2944
5457,2945
5458,2946
5459,2947
5460,2948
5461,2949
5462,2950
5463,2951
5464,2952
5468,2953
5469,2954
5470,2955
5471,2956
5472,2957
5474,2958
5486,2959
5490,2960
5498,2961
5499,2962
5503,2963
5504,2964
5506,2965
5507,2966
5509,2967
5515,2968
5516,2969
5517,2970
5518,2971
5523,2972
5526,2973
5527,2974
5528,2975
5529,2976
5530,2977
5531,2978
5533,2979
5534,2980
5536,2981
5537,2982
5540,2983
5541,2984
5547,2985
5548,2986
5554,2987
5556,2988
5559,2989
5560,2990
5561,2991
5566,2992
5567,2993
5570,2994
5571,2995
5572,2996
5576,2997
5581,2998
5587,2999
5588,3000
5591,3001
5597,3002
5607,3003
5626,3004
5627,3005
5629,3006
5630,3007
5633,3008
5634,3009
5635,3010
5638,3011
5640,3012
5642,3013
5647,3014
5648,3015
5649,3016
5661,3017
5663,3018
5664,3019
5665,3020
5666,3021
5670,3022
5672,3023
5673,3024
5674,3025
5682,3026
5683,3027
5686,3028
5687,3029
5688,3030
5689,3031
5692,3032
5693,3033
5695,3034
5697,3035
5701,3036
5702,3037
5703,3038
5704,3039
5708,3040
5711,3041
5718,3042
5729,3043
5730,3044
5731,3045
5737,3046
5738,3047
5743,3048
5744,3049
5746,3050
5747,3051
5748,3052
5749,3053
5750,3054
5751,3055
5752,3056
5753,3057
5754,3058
5755,3059
5756,3060
5758,3061
5759,3062
5760,3063
5761,3064
5766,3065
5767,3066
5769,3067
5770,3068
5773,3069
5774,3070
5775,3071
5776,3072
5778,3073
5780,3074
5785,3075
5786,3076
5787,3077
5788,3078
5789,3079
5790,3080
5791,3081
5792,3082
5793,3083
5794,3084
5795,3085
5796,3086
5797,3087
5798,3088
5799,3089
5800,3090
5801,3091
5802,3092
5803,3093
5804,3094
5805,3095
5806,3096
5807,3097
5808,3098
5811,3099
5812,3100
5814,3101
5815,3102
5816,3103
5817,3104
5818,3105
5820,3106
5821,3107
5824,3108
5825,3109
5826,3110
5827,3111
5828,3112
5837,3113
5840,3114
5841,3115
5842,3116
5843,3117
5844,3118
5845,3119
5846,3120
5847,3121
5850,3122
5855,3123
5857,3124
5862,3125
5866,3126
5869,3127
5871,3128
5877,3129
5878,3130
5881,3131
5882,3132
5886,3133
5888,3134
5895,3135
5908,3136
5910,3137
5911,3138
5912,3139
5913,3140
5914,3141
5915,3142
5916,3143
5917,3144
5918,3145
5919,3146
5920,3147
5922,3148
5926,3149
5930,3150
5931,3151
5936,3152
5945,3153
5948,3154
5952,3155
5953,3156
5955,3157
5956,3158
5957,3159
5958,3160
5959,3161
5960,3162
5961,3163
5962,3164
5963,3165
5964,3166
5965,3167
5966,3168
5967,3169
5968,3170
5969,3171
5970,3172
5971,3173
5972,3174
5973,3175
5974,3176
5975,3177
5976,3178
5977,3179
5978,3180
5979,3181
5980,3182
5981,3183
5983,3184
5984,3185
5985,3186
5986,3187
5987,3188
5988,3189
5989,3190
5990,3191
5991,3192
5992,3193
5993,3194
5994,3195
5995,3196
5996,3197
5997,3198
5998,3199
6000,3200
6001,3201
6002,3202
6003,3203
6004,3204
6005,3205
6006,3206
6007,3207
6008,3208
6009,3209
6010,3210
6011,3211
6013,3212
6014,3213
6015,3214
6016,3215
6017,3216
6018,3217
6019,3218
6020,3219
6021,3220
6022,3221
6024,3222
6025,3223
6028,3224
6029,3225
6032,3226
6033,3227
6037,3228
6038,3229
6039,3230
6040,3231
6041,3232
6042,3233
6043,3234
6044,3235
6045,3236
6046,3237
6047,3238
6048,3239
6049,3240
6050,3241
6051,3242
6052,3243
6053,3244
6054,3245
6055,3246
6056,3247
6057,3248
6058,3249
6059,3250
6060,3251
6061,3252
6062,3253
6063,3254
6064,3255
6065,3256
6066,3257
6067,3258
6068,3259
6069,3260
6070,3261
6071,3262
6072,3263
6078,3264
6082,3265
6088,3266
6089,3267
6091,3268
6126,3269
6127,3270
6128,3271
6129,3272
6130,3273
6131,3274
6137,3275
6138,3276
6140,3277
6141,3278
6142,3279
6143,3280
6144,3281
6145,3282
6146,3283
6147,3284
6156,3285
6157,3286
6158,3287
6160,3288
6161,3289
6162,3290
6163,3291
6164,3292
6172,3293
6173,3294
6176,3295
6177,3296
6178,3297
6179,3298
6180,3299
6181,3300
6182,3301
6183,3302
6184,3303
6185,3304
6187,3305
6206,3306
6210,3307
6211,3308
6219,3309
6221,3310
6224,3311
6225,3312
6227,3313
6228,3314
6229,3315
6230,3316
6239,3317
6241,3318
6242,3319
6243,3320
6244,3321
6245,3322
6246,3323
6249,3324
6250,3325
6251,3326
6252,3327
6253,3328
6254,3329
6255,3330
6256,3331
6257,3332
6258,3333
6259,3334
6260,3335
6261,3336
6262,3337
6263,3338
6264,3339
6265,3340
6266,3341
6267,3342
6268,3343
6269,3344
6270,3345
6271,3346
6272,3347
6273,3348
6274,3349
6275,3350
6276,3351
6277,3352
6278,3353
6279,3354
6280,3355
6281,3356
6282,3357
6283,3358
6284,3359
6285,3360
6286,3361
6287,3362
6288,3363
6289,3364
6293,3365
6294,3366
6296,3367
6297,3368
6298,3369
6299,3370
6300,3371
6301,3372
6302,3373
6303,3374
6304,3375
6305,3376
6306,3377
6307,3378
6308,3379
6309,3380
6310,3381
6311,3382
6312,3383
6314,3384
6315,3385
6316,3386
6317,3387
6318,3388
6322,3389
6323,3390
6324,3391
6326,3392
6327,3393
6331,3394
6332,3395
6333,3396
6334,3397
6335,3398
6336,3399
6340,3400
6342,3401
6344,3402
6347,3403
6348,3404
6351,3405
6352,3406
6353,3407
6354,3408
6355,3409
6356,3410
6357,3411
6358,3412
6359,3413
6361,3414
6362,3415
6363,3416
6364,3417
6365,3418
6366,3419
6368,3420
6369,3421
6370,3422
6372,3423
6373,3424
6374,3425
6375,3426
6376,3427
6384,3428
6390,3429
6391,3430
6394,3431
6395,3432
6398,3433
6399,3434
6400,3435
6401,3436
6402,3437
6403,3438
6405,3439
6407,3440
6408,3441
6412,3442
6414,3443
6421,3444
6422,3445
6423,3446
6426,3447
6427,3448
6428,3449
6429,3450
6430,3451
6432,3452
6439,3453
6443,3454
6444,3455
6445,3456
6446,3457
6449,3458
6450,3459
6456,3460
6457,3461
6458,3462
6460,3463
6461,3464
6462,3465
6463,3466
6464,3467
6465,3468
6467,3469
6473,3470
6474,3471
6475,3472
6478,3473
6497,3474
6498,3475
6499,3476
6504,3477
6505,3478
6506,3479
6507,3480
6508,3481
6509,3482
6510,3483
6511,3484
6512,3485
6513,3486
6514,3487
6515,3488
6516,3489
6517,3490
6518,3491
6519,3492
6520,3493
6521,3494
6523,3495
6524,3496
6525,3497
6526,3498
6527,3499
6528,3500
6529,3501
6530,3502
6531,3503
6532,3504
6533,3505
6534,3506
6535,3507
6536,3508
6537,3509
6538,3510
6539,3511
6540,3512
6541,3513
6542,3514
6543,3515
6544,3516
6545,3517
6546,3518
6547,3519
6548,3520
6549,3521
6550,3522
6551,3523
6552,3524
6553,3525
6554,3526
6555,3527
6556,3528
6557,3529
6558,3530
6559,3531
6561,3532
6562,3533
6563,3534
6564,3535
6565,3536
6566,3537
6567,3538
6568,3539
6569,3540
6574,3541
6575,3542
6576,3543
6577,3544
6578,3545
6579,3546
6586,3547
6587,3548
6588,3549
6606,3550
6608,3551
6609,3552
6610,3553
6611,3554
6612,3555
6613,3556
6614,3557
6615,3558
6616,3559
6617,3560
6618,3561
6619,3562
6620,3563
6622,3564
6624,3565
6625,3566
6626,3567
6627,3568
6628,3569
6629,3570
6630,3571
6631,3572
6632,3573
6633,3574
6634,3575
6635,3576
6636,3577
6637,3578
6638,3579
6639,3580
6640,3581
6641,3582
6642,3583
6643,3584
6644,3585
6645,3586
6646,3587
6647,3588
6648,3589
6649,3590
6663,3591
6665,3592
6666,3593
6667,3594
6668,3595
6669,3596
6670,3597
6672,3598
6673,3599
6675,3600
6681,3601
6682,3602
6685,3603
6686,3604
6688,3605
6689,3606
6690,3607
6691,3608
6692,3609
6698,3610
6699,3611
6701,3612
6702,3613
6703,3614
6707,3615
6708,3616
6709,3617
6710,3618
6711,3619
6712,3620
6713,3621
6714,3622
6715,3623
6716,3624
6717,3625
6718,3626
6719,3627
6720,3628
6721,3629
6722,3630
6723,3631
6724,3632
6725,3633
6726,3634
6727,3635
6728,3636
6729,3637
6730,3638
6733,3639
6734,3640
6735,3641
6741,3642
6748,3643
6749,3644
6750,3645
6751,3646
6752,3647
6753,3648
6754,3649
6755,3650
6756,3651
6757,3652
6758,3653
6760,3654
6769,3655
6770,3656
6773,3657
6775,3658
6777,3659
6778,3660
6779,3661
6782,3662
6783,3663
6784,3664
6785,3665
6786,3666
6787,3667
6789,3668
6790,3669
6792,3670
6793,3671
6794,3672
6799,3673
6809,3674
6810,3675
6813,3676
6815,3677
6816,3678
6817,3679
6821,3680
6825,3681
6828,3682
6829,3683
6830,3684
6831,3685
6832,3686
6833,3687
6834,3688
6835,3689
6836,3690
6837,3691
6838,3692
6839,3693
6840,3694
6841,3695
6842,3696
6843,3697
6845,3698
6848,3699
6850,3700
6851,3701
6853,3702
6859,3703
6863,3704
6864,3705
6865,3706
6866,3707
6867,3708
6868,3709
6869,3710
6870,3711
6871,3712
6873,3713
6874,3714
6879,3715
6884,3716
6890,3717
6891,3718
6896,3719
6897,3720
6898,3721
6899,3722
6900,3723
6903,3724
6904,3725
6905,3726
6906,3727
6907,3728
6908,3729
6910,3730
6916,3731
6920,3732
6923,3733
6932,3734
6941,3735
6947,3736
6948,3737
6950,3738
6951,3739
6952,3740
6954,3741
6955,3742
6956,3743
6960,3744
6961,3745
6963,3746
6964,3747
6965,3748
6967,3749
6968,3750
6970,3751
6972,3752
6980,3753
6982,3754
6983,3755
6985,3756
6986,3757
6987,3758
6995,3759
6996,3760
6997,3761
6998,3762
6999,3763
7000,3764
7001,3765
7002,3766
7003,3767
7004,3768
7005,3769
7012,3770
7024,3771
7027,3772
7028,3773
7029,3774
7036,3775
7037,3776
7038,3777
7039,3778
7040,3779
7041,3780
7045,3781
7049,3782
7050,3783
7051,3784
7055,3785
7057,3786
7067,3787
7068,3788
7070,3789
7071,3790
7072,3791
7073,3792
7075,3793
7077,3794
7080,3795
7081,3796
7084,3797
7085,3798
7104,3799
7108,3800
7109,3801
7110,3802
7111,3803
7116,3804
7120,3805
7121,3806
7122,3807
7123,3808
7128,3809
7129,3810
7132,3811
7134,3812
7143,3813
7147,3814
7148,3815
7149,3816
7153,3817
7154,3818
7158,3819
7167,3820
7176,3821
7178,3822
7182,3823
7183,3824
7184,3825
7185,3826
7186,3827
7189,3828
7190,3829
7191,3830
7192,3831
7196,3832
7198,3833
7200,3834
7201,3835
7202,3836
7205,3837
7206,3838
7207,3839
7213,3840
7215,3841
7217,3842
7221,3843
7224,3844
7243,3845
7244,3846
7245,3847
7246,3848
7247,3849
7248,3850
7249,3851
7250,3852
7251,3853
7252,3854
7256,3855
7260,3856
7261,3857
7262,3858
7266,3859
7267,3860
7278,3861
7287,3862
7299,3863
7303,3864
7305,3865
7307,3866
7308,3867
7309,3868
7331,3869
7332,3870
7333,3871
7334,3872
7355,3873
7365,3874
7373,3875
7382,3876
7396,3877
7397,3878
7398,3879
7401,3880
7402,3881
7403,3882
7404,3883
7405,3884
7408,3885
7409,3886
7412,3887
7418,3888
7419,3889
7420,3890
7427,3891
7428,3892
7429,3893
7430,3894
7433,3895
7442,3896
7445,3897
7448,3898
7449,3899
7452,3900
7453,3901
7457,3902
7458,3903
7460,3904
7461,3905
7462,3906
7463,3907
7464,3908
7465,3909
7467,3910
7468,3911
7469,3912
7470,3913
7471,3914
7472,3915
7473,3916
7475,3917
7476,3918
7477,3919
7478,3920
7479,3921
7480,3922
7481,3923
7482,3924
7483,3925
7484,3926
7485,3927
7486,3928
7487,3929
7491,3930
7492,3931
7494,3932
7495,3933
7497,3934
7498,3935
7502,3936
7503,3937
7504,3938
7507,3939
7512,3940
7514,3941
7515,3942
7516,3943
7517,3944
7518,3945
7519,3946
7520,3947
7522,3948
7523,3949
7524,3950
7525,3951
7526,3952
7527,3953
7528,3954
7529,3955
7530,3956
7531,3957
7532,3958
7533,3959
7534,3960
7535,3961
7537,3962
7538,3963
7539,3964
7540,3965
7541,3966
7542,3967
7543,3968
7544,3969
7545,3970
7547,3971
7548,3972
7549,3973
7550,3974
7551,3975
7552,3976
7553,3977
7554,3978
7555,3979
7556,3980
7561,3981
7562,3982
7563,3983
7564,3984
7568,3985
7569,3986
7576,3987
7578,3988
7584,3989
7585,3990
7588,3991
7607,3992
7609,3993
7610,3994
7611,3995
7613,3996
7614,3997
7616,3998
7617,3999
7618,4000
7619,4001
7620,4002
7621,4003
7622,4004
7623,4005
7624,4006
7625,4007
7626,4008
7633,4009
7635,4010
7642,4011
7643,4012
7644,4013
7646,4014
7647,4015
7648,4016
7649,4017
7650,4018
7651,4019
7654,4020
7655,4021
7656,4022
7657,4023
7658,4024
7659,4025
7660,4026
7661,4027
7662,4028
7663,4029
7664,4030
7665,4031
7669,4032
7670,4033
7691,4034
7706,4035
7707,4036
7708,4037
7709,4038
7710,4039
7711,4040
7712,4041
7713,4042
7714,4043
7715,4044
7718,4045
7719,4046
7720,4047
7721,4048
7722,4049
7723,4050
7724,4051
7725,4052
7727,4053
7728,4054
7729,4055
7730,4056
7731,4057
7732,4058
7733,4059
7734,4060
7735,4061
7736,4062
7737,4063
7739,4064
7740,4065
7741,4066
7742,4067
7743,4068
7744,4069
7745,4070
7746,4071
7747,4072
7748,4073
7749,4074
7750,4075
7752,4076
7753,4077
7754,4078
7755,4079
7756,4080
7757,4081
7758,4082
7760,4083
7762,4084
7763,4085
7764,4086
7765,4087
7766,4088
7767,4089
7768,4090
7769,4091
7770,4092
7771,4093
7772,4094
7773,4095
7774,4096
7775,4097
7776,4098
7777,4099
7780,4100
7781,4101
7782,4102
7785,4103
7786,4104
7787,4105
7788,4106
7789,4107
7790,4108
7791,4109
7792,4110
7793,4111
7794,4112
7795,4113
7796,4114
7797,4115
7798,4116
7799,4117
7800,4118
7801,4119
7802,4120
7803,4121
7804,4122
7805,4123
7806,4124
7807,4125
7808,4126
7810,4127
7811,4128
7812,4129
7813,4130
7814,4131
7815,4132
7816,4133
7817,4134
7818,4135
7819,4136
7820,4137
7824,4138
7825,4139
7826,4140
7828,4141
7829,4142
7830,4143
7832,4144
7833,4145
7837,4146
7838,4147
7839,4148
7840,4149
7841,4150
7842,4151
7843,4152
7844,4153
7845,4154
7846,4155
7847,4156
7848,4157
7849,4158
7850,4159
7851,4160
7852,4161
7853,4162
7854,4163
7855,4164
7856,4165
7857,4166
7858,4167
7859,4168
7860,4169
7861,4170
7862,4171
7863,4172
7864,4173
7865,4174
7866,4175
7867,4176
7868,4177
7869,4178
7870,4179
7871,4180
7872,4181
7873,4182
7874,4183
7875,4184
7876,4185
7877,4186
7878,4187
7879,4188
7880,4189
7883,4190
7884,4191
7885,4192
7886,4193
7887,4194
7888,4195
7889,4196
7890,4197
7891,4198
7892,4199
7893,4200
7894,4201
7895,4202
7896,4203
7897,4204
7898,4205
7899,4206
7900,4207
7901,4208
7902,4209
7903,4210
7904,4211
7905,4212
7906,4213
7907,4214
7908,4215
7909,4216
7910,4217
7911,4218
7912,4219
7913,4220
7914,4221
7915,4222
7916,4223
7917,4224
7918,4225
7919,4226
7920,4227
7921,4228
7922,4229
7923,4230
7924,4231
7925,4232
7926,4233
7927,4234
7928,4235
7929,4236
7930,4237
7931,4238
7932,4239
7933,4240
7934,4241
7935,4242
7936,4243
7937,4244
7938,4245
7939,4246
7940,4247
7941,4248
7942,4249
7943,4250
7945,4251
7946,4252
7947,4253
7948,4254
7949,4255
7950,4256
7951,4257
7952,4258
7953,4259
7954,4260
7955,4261
7957,4262
7958,4263
7959,4264
7960,4265
7961,4266
7962,4267
7963,4268
7964,4269
7965,4270
7966,4271
7967,4272
7968,4273
7969,4274
7970,4275
7971,4276
7972,4277
7973,4278
7974,4279
7975,4280
7976,4281
7977,4282
7978,4283
7979,4284
7980,4285
7981,4286
7982,4287
7983,4288
7984,4289
7985,4290
7986,4291
7988,4292
7989,4293
7990,4294
7991,4295
7992,4296
7993,4297
7994,4298
7995,4299
7996,4300
7997,4301
7998,4302
7999,4303
8000,4304
8001,4305
8002,4306
8003,4307
8004,4308
8005,4309
8006,4310
8007,4311
8008,4312
8009,4313
8011,4314
8012,4315
8013,4316
8014,4317
8015,4318
8016,4319
8017,4320
8018,4321
8019,4322
8020,4323
8021,4324
8022,4325
8023,4326
8024,4327
8025,4328
8026,4329
8027,4330
8028,4331
8029,4332
8030,4333
8031,4334
8032,4335
8033,4336
8034,4337
8035,4338
8036,4339
8037,4340
8038,4341
8039,4342
8040,4343
8041,4344
8042,4345
8043,4346
8044,4347
8045,4348
8050,4349
8051,4350
8052,4351
8053,4352
8054,4353
8055,4354
8056,4355
8057,4356
8058,4357
8059,4358
8060,4359
8061,4360
8062,4361
8063,4362
8064,4363
8065,4364
8066,4365
8067,4366
8068,4367
8069,4368
8070,4369
8071,4370
8072,4371
8073,4372
8074,4373
8075,4374
8076,4375
8077,4376
8078,4377
8079,4378
8080,4379
8081,4380
8082,4381
8083,4382
8084,4383
8085,4384
8086,4385
8087,4386
8088,4387
8089,4388
8090,4389
8091,4390
8092,4391
8093,4392
8094,4393
8095,4394
8096,4395
8097,4396
8098,4397
8099,4398
8100,4399
8101,4400
8102,4401
8103,4402
8104,4403
8105,4404
8106,4405
8107,4406
8108,4407
8109,4408
8110,4409
8111,4410
8112,4411
8113,4412
8114,4413
8115,4414
8116,4415
8117,4416
8118,4417
8119,4418
8120,4419
8121,4420
8122,4421
8123,4422
8124,4423
8125,4424
8126,4425
8127,4426
8128,4427
8129,4428
8130,4429
8131,4430
8132,4431
8133,4432
8134,4433
8135,4434
8136,4435
8137,4436
8138,4437
8139,4438
8140,4439
8141,4440
8142,4441
8143,4442
8144,4443
8145,4444
8146,4445
8147,4446
8148,4447
8149,4448
8150,4449
8152,4450
8153,4451
8154,4452
8155,4453
8156,4454
8157,4455
8158,4456
8159,4457
8160,4458
8161,4459
8162,4460
8163,4461
8164,4462
8165,4463
8166,4464
8167,4465
8168,4466
8169,4467
8170,4468
8171,4469
8172,4470
8173,4471
8174,4472
8175,4473
8176,4474
8177,4475
8178,4476
8179,4477
8180,4478
8181,4479
8182,4480
8183,4481
8186,4482
8187,4483
8188,4484
8189,4485
8191,4486
8192,4487
8193,4488
8194,4489
8195,4490
8196,4491
8197,4492
8198,4493
8199,4494
8200,4495
8201,4496
8202,4497
8203,4498
8204,4499
8205,4500
8206,4501
8207,4502
8208,4503
8209,4504
8210,4505
8211,4506
8212,4507
8213,4508
8214,4509
8215,4510
8216,4511
8217,4512
8218,4513
8219,4514
8220,4515
8221,4516
8222,4517
8223,4518
8224,4519
8225,4520
8226,4521
8227,4522
8228,4523
8229,4524
8230,4525
8231,4526
8232,4527
8233,4528
8234,4529
8235,4530
8236,4531
8237,4532
8238,4533
8239,4534
8240,4535
8241,4536
8243,4537
8244,4538
8245,4539
8246,4540
8247,4541
8248,4542
8249,4543
8250,4544
8251,4545
8252,4546
8253,4547
8254,4548
8255,4549
8256,4550
8257,4551
8258,4552
8259,4553
8260,4554
8261,4555
8262,4556
8263,4557
8264,4558
8265,4559
8266,4560
8267,4561
8268,4562
8269,4563
8270,4564
8271,4565
8272,4566
8273,4567
8274,4568
8275,4569
8276,4570
8277,4571
8278,4572
8279,4573
8280,4574
8281,4575
8286,4576
8287,4577
8288,4578
8289,4579
8290,4580
8291,4581
8292,4582
8293,4583
8294,4584
8295,4585
8296,4586
8297,4587
8298,4588
8299,4589
8300,4590
8301,4591
8302,4592
8303,4593
8304,4594
8305,4595
8306,4596
8307,4597
8308,4598
8309,4599
8310,4600
8311,4601
8313,4602
8315,4603
8316,4604
8317,4605
8318,4606
8319,4607
8320,4608
8321,4609
8322,4610
8323,4611
8324,4612
8325,4613
8326,4614
8327,4615
8328,4616
8329,4617
8330,4618
8331,4619
8332,4620
8333,4621
8334,4622
8335,4623
8336,4624
8337,4625
8338,4626
8339,4627
8340,4628
8341,4629
8343,4630
8345,4631
8346,4632
8347,4633
8348,4634
8349,4635
8350,4636
8351,4637
8352,4638
8353,4639
8354,4640
8355,4641
8356,4642
8357,4643
8359,4644
8360,4645
8361,4646
8362,4647
8363,4648
8364,4649
8365,4650
8366,4651
8367,4652
8368,4653
8369,4654
8370,4655
8371,4656
8372,4657
8373,4658
8374,4659
8375,4660
8376,4661
8377,4662
8379,4663
8380,4664
8381,4665
8382,4666
8383,4667
8384,4668
8385,4669
8386,4670
8387,4671
8388,4672
8389,4673
8390,4674
8391,4675
8392,4676
8393,4677
8394,4678
8395,4679
8396,4680
8397,4681
8398,4682
8399,4683
8400,4684
8401,4685
8402,4686
8403,4687
8404,4688
8405,4689
8406,4690
8407,4691
8408,4692
8409,4693
8410,4694
8411,4695
8412,4696
8413,4697
8414,4698
8415,4699
8416,4700
8417,4701
8418,4702
8419,4703
8420,4704
8421,4705
8422,4706
8423,4707
8424,4708
8425,4709
8426,4710
8427,4711
8428,4712
8429,4713
8430,4714
8431,4715
8432,4716
8433,4717
8434,4718
8435,4719
8438,4720
8439,4721
8440,4722
8441,4723
8442,4724
8443,4725
8445,4726
8446,4727
8447,4728
8448,4729
8449,4730
8450,4731
8451,4732
8452,4733
8453,4734
8454,4735
8455,4736
8456,4737
8457,4738
8458,4739
8459,4740
8460,4741
8461,4742
8462,4743
8463,4744
8464,4745
8465,4746
8466,4747
8467,4748
8468,4749
8469,4750
8470,4751
8471,4752
8472,4753
8473,4754
8474,4755
8475,4756
8476,4757
8477,4758
8478,4759
8479,4760
8480,4761
8481,4762
8482,4763
8483,4764
8484,4765
8485,4766
8486,4767
8487,4768
8488,4769
8489,4770
8490,4771
8491,4772
8492,4773
8493,4774
8494,4775
8495,4776
8496,4777
8497,4778
8498,4779
8499,4780
8500,4781
8501,4782
8502,4783
8503,4784
8504,4785
8505,4786
8506,4787
8507,4788
8508,4789
8509,4790
8510,4791
8511,4792
8512,4793
8513,4794
8514,4795
8515,4796
8516,4797
8517,4798
8518,4799
8519,4800
8520,4801
8521,4802
8524,4803
8525,4804
8526,4805
8527,4806
8528,4807
8529,4808
8530,4809
8531,4810
8532,4811
8533,4812
8534,4813
8535,4814
8536,4815
8537,4816
8538,4817
8539,4818
8540,4819
8541,4820
8542,4821
8543,4822
8544,4823
8545,4824
8546,4825
8547,4826
8548,4827
8549,4828
8550,4829
8551,4830
8552,4831
8553,4832
8554,4833
8555,4834
8556,4835
8557,4836
8558,4837
8559,4838
8560,4839
8561,4840
8562,4841
8563,4842
8564,4843
8565,4844
8566,4845
8567,4846
8568,4847
8569,4848
8570,4849
8571,4850
8572,4851
8573,4852
8574,4853
8575,4854
8576,4855
8577,4856
8578,4857
8579,4858
8580,4859
8581,4860
8582,4861
8583,4862
8584,4863
8585,4864
8586,4865
8587,4866
8588,4867
8589,4868
8590,4869
8591,4870
8592,4871
8593,4872
8594,4873
8595,4874
8596,4875
8597,4876
8598,4877
8599,4878
8600,4879
8601,4880
8602,4881
8603,4882
8604,4883
8605,4884
8606,4885
8607,4886
8608,4887
8609,4888
8610,4889
8611,4890
8612,4891
8613,4892
8614,4893
8615,4894
8616,4895
8617,4896
8618,4897
8619,4898
8620,4899
8621,4900
8622,4901
8623,4902
8624,4903
8625,4904
8626,4905
8627,4906
8628,4907
8629,4908
8630,4909
8631,4910
8632,4911
8633,4912
8634,4913
8635,4914
8636,4915
8637,4916
8638,4917
8639,4918
8640,4919
8641,4920
8642,4921
8643,4922
8644,4923
8645,4924
8646,4925
8647,4926
8648,4927
8649,4928
8652,4929
8653,4930
8654,4931
8657,4932
8658,4933
8659,4934
8660,4935
8661,4936
8662,4937
8663,4938
8664,4939
8665,4940
8666,4941
8667,4942
8668,4943
8669,4944
8670,4945
8671,4946
8672,4947
8673,4948
8674,4949
8675,4950
8676,4951
8677,4952
8678,4953
8679,4954
8680,4955
8681,4956
8682,4957
8683,4958
8684,4959
8685,4960
8686,4961
8687,4962
8688,4963
8689,4964
8690,4965
8691,4966
8692,4967
8693,4968
8694,4969
8695,4970
8696,4971
8697,4972
8698,4973
8701,4974
8702,4975
8703,4976
8704,4977
8705,4978
8706,4979
8707,4980
8708,4981
8709,4982
8710,4983
8711,4984
8712,4985
8713,4986
8714,4987
8715,4988
8716,4989
8717,4990
8718,4991
8719,4992
8720,4993
8721,4994
8722,4995
8723,4996
8724,4997
8725,4998
8726,4999
8727,5000
8728,5001
8729,5002
8730,5003
8731,5004
8732,5005
8733,5006
8734,5007
8735,5008
8736,5009
8737,5010
8738,5011
8739,5012
8740,5013
8741,5014
8742,5015
8743,5016
8744,5017
8745,5018
8746,5019
8747,5020
8748,5021
8749,5022
8750,5023
8751,5024
8752,5025
8753,5026
8754,5027
8755,5028
8756,5029
8757,5030
8758,5031
8759,5032
8760,5033
8761,5034
8762,5035
8763,5036
8764,5037
8765,5038
8766,5039
8767,5040
8768,5041
8769,5042
8770,5043
8771,5044
8772,5045
8773,5046
8774,5047
8775,5048
8776,5049
8777,5050
8778,5051
8779,5052
8780,5053
8781,5054
8782,5055
8783,5056
8784,5057
8785,5058
8786,5059
8787,5060
8788,5061
8789,5062
8790,5063
8791,5064
8792,5065
8793,5066
8794,5067
8795,5068
8796,5069
8797,5070
8798,5071
8799,5072
8800,5073
8801,5074
8802,5075
8803,5076
8804,5077
8805,5078
8806,5079
8807,5080
8808,5081
8809,5082
8810,5083
8811,5084
8812,5085
8813,5086
8814,5087
8815,5088
8816,5089
8817,5090
8818,5091
8819,5092
8820,5093
8821,5094
8822,5095
8823,5096
8824,5097
8825,5098
8826,5099
8827,5100
8828,5101
8829,5102
8830,5103
8831,5104
8832,5105
8833,5106
8834,5107
8835,5108
8836,5109
8837,5110
8838,5111
8839,5112
8840,5113
8841,5114
8842,5115
8843,5116
8844,5117
8845,5118
8846,5119
8847,5120
8848,5121
8849,5122
8850,5123
8851,5124
8852,5125
8853,5126
8854,5127
8855,5128
8856,5129
8857,5130
8859,5131
8860,5132
8861,5133
8862,5134
8863,5135
8864,5136
8865,5137
8866,5138
8867,5139
8868,5140
8869,5141
8870,5142
8871,5143
8872,5144
8873,5145
8874,5146
8875,5147
8876,5148
8877,5149
8878,5150
8879,5151
8880,5152
8881,5153
8882,5154
8883,5155
8884,5156
8885,5157
8886,5158
8887,5159
8888,5160
8889,5161
8890,5162
8891,5163
8892,5164
8893,5165
8894,5166
8895,5167
8896,5168
8897,5169
8898,5170
8899,5171
8900,5172
8901,5173
8902,5174
8903,5175
8904,5176
8905,5177
8906,5178
8907,5179
8908,5180
8909,5181
8910,5182
8911,5183
8912,5184
8913,5185
8914,5186
8915,5187
8917,5188
8918,5189
8919,5190
8920,5191
8921,5192
8922,5193
8923,5194
8924,5195
8925,5196
8926,5197
8927,5198
8928,5199
8929,5200
8930,5201
8931,5202
8932,5203
8933,5204
8934,5205
8935,5206
8936,5207
8937,5208
8938,5209
8939,5210
8940,5211
8941,5212
8942,5213
8943,5214
8944,5215
8945,5216
8946,5217
8947,5218
8948,5219
8949,5220
8950,5221
8951,5222
8952,5223
8953,5224
8956,5225
8957,5226
8958,5227
8960,5228
8962,5229
8963,5230
8965,5231
8966,5232
8967,5233
8970,5234
8971,5235
8974,5236
8975,5237
8976,5238
8977,5239
8978,5240
8981,5241
8982,5242
8984,5243
8986,5244
8987,5245
8988,5246
8990,5247
8991,5248
8994,5249
8995,5250
8997,5251
8998,5252
8999,5253
9002,5254
9003,5255
9004,5256
9005,5257
9006,5258
9007,5259
9008,5260
9009,5261
9010,5262
9011,5263
9012,5264
9013,5265
9014,5266
9015,5267
9016,5268
9017,5269
9018,5270
9020,5271
9021,5272
9022,5273
9023,5274
9024,5275
9025,5276
9026,5277
9027,5278
9028,5279
9029,5280
9030,5281
9031,5282
9032,5283
9033,5284
9034,5285
9035,5286
9036,5287
9037,5288
9038,5289
9039,5290
9040,5291
9041,5292
9042,5293
9043,5294
9044,5295
9045,5296
9046,5297
9047,5298
9048,5299
9049,5300
9050,5301
9051,5302
9052,5303
9053,5304
9054,5305
9055,5306
9056,5307
9057,5308
9058,5309
9059,5310
9060,5311
9061,5312
9062,5313
9063,5314
9064,5315
9065,5316
9066,5317
9067,5318
9068,5319
9069,5320
9070,5321
9071,5322
9072,5323
9073,5324
9074,5325
9075,5326
9076,5327
9077,5328
9078,5329
9079,5330
9080,5331
9081,5332
9082,5333
9083,5334
9085,5335
9087,5336
9088,5337
9089,5338
9090,5339
9091,5340
9092,5341
9093,5342
9094,5343
9095,5344
9096,5345
9097,5346
9098,5347
9099,5348
9100,5349
9101,5350
9103,5351
9104,5352
9105,5353
9106,5354
9107,5355
9108,5356
9109,5357
9110,5358
9111,5359
9112,5360
9113,5361
9114,5362
9115,5363
9116,5364
9117,5365
9118,5366
9119,5367
9120,5368
9121,5369
9122,5370
9123,5371
9124,5372
9125,5373
9126,5374
9127,5375
9128,5376
9129,5377
9130,5378
9131,5379
9132,5380
9133,5381
9134,5382
9135,5383
9136,5384
9137,5385
9138,5386
9139,5387
9140,5388
9141,5389
9142,5390
9143,5391
9144,5392
9145,5393
9146,5394
9147,5395
9148,5396
9149,5397
9150,5398
9151,5399
9152,5400
9153,5401
9154,5402
9155,5403
9156,5404
9157,5405
9158,5406
9159,5407
9160,5408
9161,5409
9162,5410
9163,5411
9164,5412
9165,5413
9166,5414
9167,5415
9168,5416
9169,5417
9170,5418
9171,5419
9172,5420
9174,5421
9175,5422
9176,5423
9177,5424
9178,5425
9179,5426
9180,5427
9181,5428
9182,5429
9183,5430
9184,5431
9185,5432
9186,5433
9187,5434
9188,5435
9189,5436
9190,5437
9191,5438
9192,5439
9193,5440
9194,5441
9195,5442
9196,5443
9197,5444
9198,5445
9199,5446
9200,5447
9201,5448
9202,5449
9203,5450
9204,5451
9205,5452
9206,5453
9207,5454
9208,5455
9209,5456
9210,5457
9211,5458
9212,5459
9213,5460
9214,5461
9215,5462
9217,5463
9218,5464
9219,5465
9220,5466
9221,5467
9222,5468
9223,5469
9224,5470
9225,5471
9226,5472
9227,5473
9228,5474
9229,5475
9230,5476
9231,5477
9232,5478
9233,5479
9234,5480
9235,5481
9236,5482
9237,5483
9238,5484
9239,5485
9240,5486
9241,5487
9242,5488
9243,5489
9244,5490
9245,5491
9246,5492
9247,5493
9248,5494
9249,5495
9252,5496
9253,5497
9255,5498
9256,5499
9257,5500
9258,5501
9259,5502
9260,5503
9262,5504
9264,5505
9265,5506
9266,5507
9267,5508
9268,5509
9269,5510
9270,5511
9271,5512
9272,5513
9273,5514
9274,5515
9275,5516
9276,5517
9277,5518
9278,5519
9279,5520
9281,5521
9282,5522
9283,5523
9284,5524
9291,5525
9292,5526
9293,5527
9298,5528
9299,5529
9300,5530
9301,5531
9302,5532
9303,5533
9304,5534
9305,5535
9306,5536
9307,5537
9308,5538
9309,5539
9310,5540
9311,5541
9312,5542
9313,5543
9314,5544
9315,5545
9316,5546
9317,5547
9318,5548
9319,5549
9320,5550
9321,5551
9322,5552
9323,5553
9324,5554
9325,5555
9326,5556
9327,5557
9328,5558
9329,5559
9330,5560
9331,5561
9332,5562
9333,5563
9334,5564
9335,5565
9336,5566
9337,5567
9338,5568
9340,5569
9341,5570
9342,5571
9343,5572
9344,5573
9345,5574
9346,5575
9347,5576
9348,5577
9349,5578
9350,5579
9351,5580
9352,5581
9353,5582
9354,5583
9355,5584
9356,5585
9357,5586
9358,5587
9359,5588
9360,5589
9361,5590
9362,5591
9363,5592
9364,5593
9365,5594
9366,5595
9373,5596
9374,5597
9375,5598
9376,5599
9377,5600
9378,5601
9381,5602
9383,5603
9385,5604
9386,5605
9387,5606
9388,5607
9390,5608
9392,5609
9393,5610
9394,5611
9395,5612
9396,5613
9397,5614
9398,5615
9399,5616
9400,5617
9402,5618
9404,5619
9407,5620
9408,5621
9409,5622
9410,5623
9411,5624
9412,5625
9413,5626
9414,5627
9415,5628
9417,5629
9418,5630
9419,5631
9420,5632
9421,5633
9423,5634
9425,5635
9429,5636
9430,5637
9431,5638
9432,5639
9433,5640
9434,5641
9435,5642
9436,5643
9437,5644
9438,5645
9439,5646
9440,5647
9441,5648
9442,5649
9443,5650
9444,5651
9445,5652
9446,5653
9447,5654
9448,5655
9449,5656
9450,5657
9451,5658
9452,5659
9453,5660
9454,5661
9455,5662
9456,5663
9457,5664
9458,5665
9461,5666
9462,5667
9463,5668
9464,5669
9465,5670
9466,5671
9467,5672
9469,5673
9470,5674
9471,5675
9472,5676
9473,5677
9474,5678
9475,5679
9476,5680
9477,5681
9478,5682
9479,5683
9480,5684
9481,5685
9482,5686
9483,5687
9484,5688
9485,5689
9486,5690
9487,5691
9488,5692
9489,5693
9490,5694
9491,5695
9492,5696
9495,5697
9496,5698
9497,5699
9498,5700
9499,5701
9502,5702
9503,5703
9504,5704
9506,5705
9507,5706
9508,5707
9509,5708
9510,5709
9512,5710
9513,5711
9514,5712
9515,5713
9516,5714
9517,5715
9518,5716
9519,5717
9520,5718
9521,5719
9522,5720
9525,5721
9526,5722
9527,5723
9528,5724
9529,5725
9530,5726
9531,5727
9535,5728
9536,5729
9537,5730
9542,5731
9544,5732
9545,5733
9546,5734
9547,5735
9548,5736
9549,5737
9550,5738
9551,5739
9552,5740
9553,5741
9554,5742
9555,5743
9556,5744
9557,5745
9558,5746
9559,5747
9560,5748
9561,5749
9562,5750
9563,5751
9564,5752
9565,5753
9566,5754
9567,5755
9568,5756
9570,5757
9572,5758
9573,5759
9574,5760
9575,5761
9579,5762
9580,5763
9587,5764
9588,5765
9589,5766
9590,5767
9591,5768
9592,5769
9593,5770
9594,5771
9597,5772
9598,5773
9599,5774
9600,5775
9601,5776
9602,5777
9603,5778
9604,5779
9605,5780
9606,5781
9607,5782
